City_ID,City,Country,Lat,Lng,Max Temp,Humidity,Cloudiness,Wind Speed,Current Description
0,Ambon,ID,-3.6954,128.1814,86.14,89,20,3.44,few clouds
1,Kavieng,PG,-2.5744,150.7967,84.9,69,86,12.48,overcast clouds
2,Provideniya,RU,64.3833,-173.3,28.51,54,75,11.18,broken clouds
3,San Policarpo,PH,12.1791,125.5072,83.8,78,47,8.1,scattered clouds
4,Teknaf,BD,20.8624,92.3058,76.64,95,100,12.8,overcast clouds
5,Shakhtinsk,KZ,49.71,72.5872,36.84,50,5,3.87,clear sky
6,Yining,CN,29.0361,114.5636,50.86,88,91,1.48,overcast clouds
7,Hithadhoo,MV,-0.6,73.0833,81.77,77,100,12.77,overcast clouds
8,Vaini,TO,-21.2,-175.2,82.56,83,40,10.36,scattered clouds
9,Placerville,US,38.7296,-120.7986,64.63,50,75,1.99,broken clouds
10,Yellowknife,CA,62.456,-114.3525,36.41,99,90,6.91,light rain
11,Fort-Shevchenko,KZ,44.5086,50.263,57.34,54,94,15.95,overcast clouds
12,Canar,EC,-2.55,-78.9333,50.04,90,81,2.77,broken clouds
13,Mayo,US,38.8876,-76.5119,59.13,59,20,4.0,few clouds
14,Rikitea,PF,-23.1203,-134.9692,75.58,76,16,13.98,light rain
15,Albany,US,42.6001,-73.9662,51.75,77,80,1.99,broken clouds
16,Havoysund,NO,70.9963,24.6622,36.48,75,100,26.42,overcast clouds
17,Georgetown,MY,5.4112,100.3354,82.33,82,40,3.44,scattered clouds
18,Humaita,BR,-7.5061,-63.0208,75.7,85,89,2.26,overcast clouds
19,Entre Rios,BR,-11.9419,-38.0844,68.23,96,87,3.22,overcast clouds
20,Khatanga,RU,71.9667,102.5,32.77,98,100,12.3,light snow
21,Jibuti,DJ,11.5,42.5,81.82,60,11,4.97,few clouds
22,Mahebourg,MU,-20.4081,57.7,73.26,78,40,12.66,scattered clouds
23,Ushuaia,AR,-54.8,-68.3,49.66,57,20,6.91,few clouds
24,Port Alfred,ZA,-33.5906,26.891,54.01,69,80,9.37,broken clouds
25,Mae Sot,TH,16.7167,98.5667,75.15,88,75,4.61,broken clouds
26,Kuala Terengganu,MY,5.3302,103.1408,80.55,83,20,0.0,light rain
27,Jamestown,US,42.097,-79.2353,52.72,92,90,5.01,light rain
28,Mataura,NZ,-46.1927,168.8643,57.25,59,65,6.67,broken clouds
29,Atuona,PF,-9.8,-139.0333,78.39,71,100,18.48,overcast clouds
30,Den Helder,NL,52.9599,4.7593,57.18,84,90,8.99,overcast clouds
31,Hobart,AU,-42.8794,147.3294,61.02,59,75,5.01,light rain
32,Cape Town,ZA,-33.9258,18.4232,53.11,69,0,6.91,clear sky
33,Manaure,CO,11.7751,-72.4445,83.01,76,87,3.91,overcast clouds
34,Cidreira,BR,-30.1811,-50.2056,60.31,82,61,12.62,broken clouds
35,Cascais,PT,38.6979,-9.4215,67.51,84,100,1.01,overcast clouds
36,Laguna,US,38.421,-121.4238,67.24,65,90,8.01,overcast clouds
37,Poso,ID,-1.3959,120.7524,86.34,61,18,0.89,few clouds
38,Busselton,AU,-33.65,115.3333,67.05,71,14,13.91,few clouds
39,Olinda,BR,-8.0089,-34.8553,80.33,74,75,8.05,broken clouds
40,Ribeira Grande,PT,38.5167,-28.7,70.29,83,25,15.5,scattered clouds
41,Avarua,CK,-21.2078,-159.775,75.25,83,90,9.22,light rain
42,Strezhevoy,RU,60.7333,77.5889,40.98,91,62,8.52,broken clouds
43,La Ronge,CA,55.1001,-105.2842,50.25,57,20,3.44,few clouds
44,Safford,US,32.834,-109.7076,80.06,31,1,5.75,clear sky
45,Hamilton,US,39.1834,-84.5333,56.95,73,1,0.0,clear sky
46,Mar Del Plata,AR,-38.0023,-57.5575,53.13,14,0,1.99,clear sky
47,Samarai,PG,-10.6167,150.6667,83.97,74,100,12.08,overcast clouds
48,Tessalit,ML,20.1986,1.0114,81.1,13,3,10.27,clear sky
49,Klaksvik,FO,62.2266,-6.589,47.32,77,100,26.31,overcast clouds
50,Selikhino,RU,50.3672,137.4996,29.1,47,54,3.62,broken clouds
51,Kapaa,US,22.0752,-159.319,82.38,78,1,4.0,moderate rain
52,Udachnyy,RU,66.4167,112.4,33.49,97,100,19.13,light snow
53,Chitipa,MW,-9.7024,33.2697,66.07,68,16,5.59,few clouds
54,New Port Richey,US,28.2442,-82.7193,76.96,70,0,4.0,clear sky
55,Aleksandrov Gay,RU,50.147,48.5704,54.5,45,100,6.93,overcast clouds
56,Barrow,US,71.2906,-156.7887,21.22,63,90,5.75,overcast clouds
57,New Norfolk,AU,-42.7826,147.0587,60.66,48,100,5.01,light rain
58,Pangnirtung,CA,66.1451,-65.7125,30.63,52,100,6.26,overcast clouds
59,Bethel,US,41.3712,-73.414,55.0,85,1,3.44,clear sky
60,Arraial Do Cabo,BR,-22.9661,-42.0278,69.71,86,100,5.46,overcast clouds
61,Batemans Bay,AU,-35.7167,150.1833,74.19,37,4,5.21,clear sky
62,Victoria,HK,22.2855,114.1577,75.25,71,89,4.0,overcast clouds
63,Bredasdorp,ZA,-34.5322,20.0403,48.88,69,16,3.29,few clouds
64,Marzuq,YE,14.4,46.4667,73.31,41,100,1.52,overcast clouds
65,Warrnambool,AU,-38.3833,142.4833,58.8,70,100,14.27,overcast clouds
66,Kozan,TR,37.4552,35.8157,65.3,79,2,4.29,clear sky
67,Bluff,NZ,-46.6,168.3333,53.06,63,6,14.2,clear sky
68,Moose Factory,CA,51.2585,-80.6094,42.8,87,90,10.36,overcast clouds
69,Kalangala,UG,-0.3089,32.225,67.35,80,78,8.86,broken clouds
70,Harper,LR,4.375,-7.7169,78.04,88,63,8.79,broken clouds
71,Sorland,NO,67.667,12.6934,42.69,64,100,23.53,overcast clouds
72,Chokurdakh,RU,70.6333,147.9167,-6.36,100,91,2.77,overcast clouds
73,Kiruna,SE,67.8557,20.2251,27.52,80,95,8.05,overcast clouds
74,Murud,IN,18.3258,72.965,76.15,82,7,1.7,light rain
75,Najran,SA,17.4924,44.1277,65.05,23,10,2.51,clear sky
76,Hermanus,ZA,-34.4187,19.2345,52.9,70,0,6.31,clear sky
77,Jalu,LY,29.0331,21.5482,67.93,42,0,8.14,clear sky
78,Broome,US,42.2506,-75.833,50.63,72,40,1.99,scattered clouds
79,Aksarka,RU,66.5606,67.7975,37.53,96,100,15.35,light rain
80,Buala,SB,-8.145,159.5921,86.52,62,85,2.75,overcast clouds
81,Hilo,US,19.7297,-155.09,81.28,81,90,5.75,light rain
82,Makakilo City,US,21.3469,-158.0858,80.92,64,90,8.05,overcast clouds
83,Gamba,GA,-2.65,10.0,75.96,83,100,6.96,overcast clouds
84,Alekseyevskaya,RU,50.2896,42.1845,49.39,71,99,5.59,overcast clouds
85,Putnok,HU,48.3,20.4333,40.87,81,22,1.88,few clouds
86,Dikson,RU,73.5069,80.5464,31.15,99,100,6.06,light snow
87,Westport,US,41.1415,-73.3579,57.18,85,40,1.01,scattered clouds
88,Neiafu,TO,-18.65,-173.9833,83.08,74,40,9.22,scattered clouds
89,Nikolskoye,RU,59.7035,30.7861,40.01,78,35,11.03,scattered clouds
90,Wahpeton,US,46.2652,-96.6059,57.02,71,1,6.91,clear sky
91,Margate,GB,51.3813,1.3862,57.31,83,99,1.99,overcast clouds
92,Phan Thiet,VN,10.9333,108.1,80.89,83,100,3.2,overcast clouds
93,Tiksi,RU,71.6872,128.8694,10.04,90,99,10.4,overcast clouds
94,Carmo Do Paranaiba,BR,-19.0008,-46.3161,68.72,81,31,1.5,scattered clouds
95,Yerofey Pavlovich,RU,53.9667,121.9667,26.28,38,23,8.03,few clouds
96,Mehamn,NO,71.0357,27.8492,34.63,82,100,27.87,light snow
97,Vestmannaeyjar,IS,63.4427,-20.2734,44.28,87,100,40.4,moderate rain
98,Esperance,AU,-33.8667,121.9,66.31,69,0,7.72,clear sky
99,Mazatan,MX,14.8667,-92.45,73.47,100,75,5.75,broken clouds
100,Yeppoon,AU,-23.1333,150.7333,83.98,49,0,13.8,clear sky
101,Aklavik,CA,68.2191,-135.0107,23.83,81,21,8.97,few clouds
102,Chara,RU,56.9064,118.2631,19.22,65,80,2.68,broken clouds
103,Tuktoyaktuk,CA,69.4541,-133.0374,24.8,93,75,4.61,broken clouds
104,Axim,GH,4.8699,-2.2405,77.05,89,74,6.22,moderate rain
105,Port Hardy,CA,50.6996,-127.4199,48.38,71,20,11.5,few clouds
106,Birigui,BR,-21.2886,-50.34,75.92,75,85,8.37,overcast clouds
107,Upernavik,GL,72.7868,-56.1549,22.41,51,45,6.8,scattered clouds
108,Port Elizabeth,ZA,-33.918,25.5701,51.1,93,75,9.22,broken clouds
109,Meulaboh,ID,4.1363,96.1285,77.38,83,97,3.42,moderate rain
110,East London,ZA,-33.0153,27.9116,54.99,66,41,11.97,scattered clouds
111,Beloha,MG,-25.1667,45.05,69.08,92,0,3.83,clear sky
112,Taree,AU,-31.9,152.4667,77.05,46,100,6.91,overcast clouds
113,Camacha,PT,33.0833,-16.3333,67.42,83,40,4.61,scattered clouds
114,Kodiak,US,57.79,-152.4072,43.29,96,100,30.96,moderate rain
115,Oeiras Do Para,BR,-2.0031,-49.8544,76.15,90,88,3.85,overcast clouds
116,Usinsk,RU,65.9939,57.5281,35.98,92,100,15.9,overcast clouds
117,Susangerd,IR,31.5608,48.1831,73.42,19,25,15.84,scattered clouds
118,Narsaq,GL,60.9167,-46.05,32.22,55,81,5.7,broken clouds
119,Palmer,US,42.1584,-72.3287,53.15,68,75,1.01,broken clouds
120,Punta Arenas,CL,-53.15,-70.9167,50.11,71,0,21.85,clear sky
121,Vlahita,RO,46.35,25.5167,41.23,91,59,2.24,broken clouds
122,Airai,TL,-8.9266,125.4092,74.88,54,78,1.16,broken clouds
123,Abha,SA,18.2164,42.5053,61.05,20,0,0.0,clear sky
124,Kapoeta,SS,4.7717,33.5903,77.7,60,96,2.39,light rain
125,Saint George,US,37.1041,-113.5841,73.99,22,1,1.99,clear sky
126,Bela,IN,25.9333,81.9833,77.5,88,100,9.4,overcast clouds
127,Nalut,LY,30.3333,10.85,68.4,32,100,14.63,overcast clouds
128,Coquimbo,CL,-29.9533,-71.3436,55.13,87,0,3.44,clear sky
129,La Rochelle,FR,46.1667,-1.15,59.07,100,90,9.22,fog
130,Saint-Philippe,RE,-21.3585,55.7679,71.15,81,48,13.15,scattered clouds
131,Pitimbu,BR,-7.4706,-34.8086,77.59,81,100,10.02,overcast clouds
132,Severo-Kurilsk,RU,50.6789,156.125,40.35,82,46,46.77,scattered clouds
133,Vavuniya,LK,8.7514,80.4971,77.76,79,91,7.99,overcast clouds
134,Saskylakh,RU,71.9167,114.0833,17.74,95,100,9.17,light snow
135,Sarakhs,IR,36.5449,61.1577,41.14,36,0,4.61,clear sky
136,Norman Wells,CA,65.282,-126.8329,28.44,93,90,2.3,overcast clouds
137,Clyde River,CA,70.4692,-68.5914,28.51,80,100,14.83,overcast clouds
138,Lebu,CL,-37.6167,-73.65,50.94,85,0,18.79,clear sky
139,Sharanga,RU,57.1775,46.5396,39.04,93,100,6.89,overcast clouds
140,Billings,US,45.7833,-108.5007,62.37,40,20,13.8,few clouds
141,Heihe,CN,50.2441,127.4902,34.38,33,9,4.88,clear sky
142,Cabo San Lucas,MX,22.8909,-109.9124,83.61,65,20,10.36,few clouds
143,Torbay,CA,47.6666,-52.7314,42.39,97,90,9.22,mist
144,Waipawa,NZ,-41.4122,175.5153,61.43,61,0,17.36,clear sky
145,Ginda,IN,30.6945,78.4932,56.93,94,100,4.54,overcast clouds
146,Mabopane,ZA,-25.4977,28.1007,61.66,41,97,13.04,overcast clouds
147,Kuminskiy,RU,58.6667,66.5667,36.23,81,100,5.86,overcast clouds
148,Martapura,ID,-3.4167,114.85,77.09,94,20,5.75,few clouds
149,Iranshahr,IR,27.2025,60.6848,69.46,12,0,3.09,clear sky
150,Tura,IN,25.5198,90.2201,71.47,96,100,2.98,overcast clouds
151,Mogok,MM,22.9167,96.5,68.29,76,15,1.81,few clouds
152,Outjo,NA,-20.1167,16.15,62.29,18,0,7.7,clear sky
153,Tasiilaq,GL,65.6145,-37.6368,28.56,43,29,13.38,scattered clouds
154,Severnyy,RU,50.677,36.5532,41.04,87,75,6.71,broken clouds
155,Butaritari,KI,3.0707,172.7902,81.7,72,31,12.26,scattered clouds
156,Seoul,KR,37.5683,126.9778,51.37,35,0,5.75,clear sky
157,Castro,BR,-24.7911,-50.0119,56.48,98,100,8.34,overcast clouds
158,San Quintin,MX,30.4833,-115.95,66.9,71,0,10.76,clear sky
159,Ho Chi Minh City,VN,10.75,106.6667,84.22,74,75,1.14,broken clouds
160,Puerto Ayora,EC,-0.7393,-90.3518,70.56,90,100,7.0,overcast clouds
161,La Quinta,US,33.6634,-116.31,85.24,13,1,5.99,clear sky
162,Capreol,CA,46.706,-80.9225,45.55,75,90,4.0,overcast clouds
163,Ponta Do Sol,PT,32.6667,-17.1,72.72,61,55,2.1,broken clouds
164,Huarmey,PE,-10.0681,-78.1522,64.08,85,100,9.84,overcast clouds
165,Pesqueira,BR,-8.3578,-36.6964,67.23,89,96,10.13,overcast clouds
166,Boa Vista,BR,2.8197,-60.6733,78.78,69,75,10.36,thunderstorm
167,Sorkjosen,NO,69.8,20.9333,35.82,88,99,20.15,overcast clouds
168,Tigil,RU,57.8,158.6667,33.57,99,100,5.7,overcast clouds
169,Olafsvik,IS,64.8945,-23.7142,36.95,90,100,22.37,moderate rain
170,Qaanaaq,GL,77.484,-69.3632,22.91,74,100,12.59,overcast clouds
171,Mount Isa,AU,-20.7333,139.5,92.97,13,90,10.36,overcast clouds
172,Mamontovo,RU,52.7055,81.6244,34.25,78,31,5.19,scattered clouds
173,Port-Gentil,GA,-0.7193,8.7815,77.67,84,99,12.37,overcast clouds
174,Mocuba,MZ,-16.8392,36.9856,81.19,47,98,8.19,overcast clouds
175,Bengkulu,ID,-3.8004,102.2655,73.83,96,100,6.13,light rain
176,Daru,PG,-9.0763,143.2092,86.45,67,81,9.22,broken clouds
177,Boguchany,RU,58.3814,97.4531,31.03,94,45,3.0,scattered clouds
178,Mizur,RU,42.8531,44.0531,40.8,94,100,2.39,overcast clouds
179,Ingham,US,42.6,-84.3833,52.25,68,1,4.61,clear sky
180,Aranos,NA,-24.1333,19.1167,48.36,21,4,13.67,clear sky
181,Russell,US,32.3502,-85.1999,60.4,84,1,0.0,clear sky
182,Namibe,AO,-15.1961,12.1522,62.89,89,18,5.21,few clouds
183,Pacific Grove,US,36.6177,-121.9166,60.62,84,75,5.01,broken clouds
184,Kavaratti,IN,10.5669,72.642,81.82,78,100,16.55,overcast clouds
185,Inuvik,CA,68.3499,-133.7218,23.86,93,20,2.3,few clouds
186,Lata,PT,40.1629,-8.3327,67.05,96,100,1.72,overcast clouds
187,Leningradskiy,RU,69.3833,178.4167,12.97,93,100,0.74,overcast clouds
188,Inirida,CO,3.8653,-67.9239,73.99,96,72,2.86,broken clouds
189,Cabedelo,BR,-6.9811,-34.8339,77.67,82,57,10.29,broken clouds
190,Mayahi,NE,13.9553,7.6712,81.5,54,24,4.38,few clouds
191,Nome,US,64.5011,-165.4064,30.27,59,1,13.8,clear sky
192,Srednekolymsk,RU,67.45,153.6833,10.17,91,98,5.73,overcast clouds
193,Batagay-Alyta,RU,67.8006,130.4114,-0.35,74,27,2.82,scattered clouds
194,Tocopilla,CL,-22.092,-70.1979,63.3,66,17,9.57,few clouds
195,Maragogi,BR,-9.0122,-35.2225,76.82,82,100,8.99,overcast clouds
196,Catuday,PH,16.2923,119.8062,81.73,72,74,10.74,broken clouds
197,Zhigansk,RU,66.7697,123.3711,17.1,90,100,19.06,overcast clouds
198,Wiwili,NI,13.6268,-85.8254,74.32,89,99,3.06,light rain
199,Leo,BF,11.1,-2.1,79.14,51,26,5.46,scattered clouds
200,Kaitangata,NZ,-46.2817,169.8464,51.91,87,97,8.39,overcast clouds
201,Edd,ER,13.9297,41.6925,84.97,69,4,3.53,clear sky
202,Luklukan,PH,14.3254,122.7124,81.61,84,89,11.79,heavy intensity rain
203,Rawson,AR,-43.3002,-65.1023,50.5,63,0,9.26,clear sky
204,Launceston,AU,-41.45,147.1667,61.61,64,90,7.0,light rain
205,Pilar,BR,-9.5972,-35.9567,73.33,88,99,2.42,overcast clouds
206,Lorengau,PG,-2.0226,147.2712,86.05,66,12,9.95,few clouds
207,Chuy,UY,-33.6971,-53.4616,50.81,74,13,6.55,few clouds
208,Longyearbyen,SJ,78.2186,15.6401,15.64,67,20,3.44,few clouds
209,Lauchhammer,DE,51.5,13.8,47.73,84,100,4.41,overcast clouds
210,Okhotsk,RU,59.3833,143.3,17.04,61,12,23.0,few clouds
211,Varhaug,NO,58.6147,5.6457,36.86,62,100,5.68,overcast clouds
212,Derzhavinsk,KZ,51.1,66.3167,45.63,55,47,7.85,scattered clouds
213,Grindavik,IS,63.8424,-22.4338,41.47,93,90,20.71,heavy intensity rain
214,Osorno,CL,-40.5667,-73.15,48.51,87,0,4.61,clear sky
215,Taltal,CL,-25.4,-70.4833,60.94,69,0,4.92,clear sky
216,Doha,QA,25.2867,51.5333,84.18,69,0,3.44,clear sky
217,Amga,RU,60.8953,131.9608,17.31,79,100,6.02,overcast clouds
218,Carnarvon,AU,-24.8667,113.6333,71.67,53,75,5.75,broken clouds
219,Okha,RU,53.5739,142.9478,31.46,78,100,18.12,light snow
220,Porto Novo,BJ,6.4965,2.6036,82.22,91,100,5.97,moderate rain
221,Hambantota,LK,6.1241,81.1185,80.51,77,23,16.04,few clouds
222,Yar-Sale,RU,66.8333,70.8333,39.88,92,100,17.63,overcast clouds
223,Praia,CV,14.9215,-23.5087,77.54,69,0,3.44,clear sky
224,Lagunas,PE,-5.2269,-75.6753,77.52,78,27,1.52,scattered clouds
225,Zepce,BA,44.4267,18.0378,35.65,92,0,3.0,clear sky
226,Chumikan,RU,54.7183,135.315,24.98,54,14,16.91,few clouds
227,Raton,US,36.9034,-104.4391,61.14,30,1,12.66,clear sky
228,San Patricio,US,28.017,-97.5169,71.83,56,100,6.85,overcast clouds
229,Antofagasta,CL,-23.65,-70.4,58.28,80,51,4.25,broken clouds
230,Nandi,IN,13.3855,77.6984,71.02,96,92,9.1,overcast clouds
231,Yemelyanovo,RU,56.1681,92.6767,22.01,93,0,2.24,clear sky
232,Vasteras,SE,59.6162,16.5528,38.86,73,0,3.44,clear sky
233,Alta Floresta,BR,-9.8756,-56.0861,70.0,96,95,0.6,overcast clouds
234,Cherskiy,RU,68.75,161.3,-5.01,99,98,2.62,overcast clouds
235,Kununurra,AU,-15.7667,128.7333,94.98,36,100,10.36,overcast clouds
236,Mirnyy,RU,62.5353,113.9611,28.13,88,100,13.06,overcast clouds
237,Brigantine,US,39.4101,-74.3646,59.0,71,1,9.22,clear sky
238,Saint-Joseph,RE,-21.3667,55.6167,70.16,77,20,8.57,few clouds
239,Araioses,BR,-2.89,-41.9031,80.51,83,81,10.04,broken clouds
240,Totma,RU,59.9747,42.7642,34.95,91,18,9.08,few clouds
241,Port Macquarie,AU,-31.4333,152.9167,76.89,48,76,12.59,broken clouds
242,Virpur,IN,23.1833,73.4833,73.92,71,96,1.99,overcast clouds
243,Warman,CA,52.3168,-106.5679,61.09,43,75,9.22,broken clouds
244,Nelson Bay,AU,-32.7167,152.15,77.77,59,100,3.0,overcast clouds
245,Hirara,JP,24.8,125.2833,78.66,69,75,10.36,broken clouds
246,Ostrovnoy,RU,68.0531,39.5131,38.48,82,100,4.7,overcast clouds
247,Saint-Maximin-La-Sainte-Baume,FR,43.4521,5.8622,57.47,89,25,2.68,scattered clouds
248,Kemijarvi,FI,66.7131,27.4306,35.51,96,100,14.05,overcast clouds
249,Shaunavon,CA,49.6501,-108.4181,56.98,25,0,9.37,clear sky
250,Komsomolskiy,UZ,40.4272,71.7189,48.92,61,100,2.3,haze
251,Faanui,PF,-16.4833,-151.75,80.56,77,19,16.87,light rain
252,Luderitz,NA,-26.6481,15.1594,58.96,48,68,15.55,broken clouds
253,Sao Filipe,CV,14.8961,-24.4956,79.09,75,0,6.96,clear sky
254,Henties Bay,NA,-22.116,14.2845,53.85,89,0,3.18,clear sky
255,Petropavlovsk-Kamchatskiy,RU,53.0452,158.6483,37.99,93,75,11.18,light intensity shower rain
256,Bubaque,GW,11.2833,-15.8333,80.62,73,99,9.42,overcast clouds
257,Port Lincoln,AU,-34.7333,135.8667,62.85,62,18,10.4,few clouds
258,Boyolangu,ID,-8.1181,111.8935,85.15,64,53,1.99,broken clouds
259,Comodoro Rivadavia,AR,-45.8667,-67.5,46.26,53,0,4.61,clear sky
260,Ishim,RU,56.1128,69.4902,36.91,73,60,7.09,broken clouds
261,Komatipoort,ZA,-25.4332,31.9548,62.06,84,100,13.2,light rain
262,Geraldton,AU,-28.7667,114.6,69.13,52,0,8.05,clear sky
263,Abu Kamal,SY,34.4506,40.9171,68.79,54,0,9.22,clear sky
264,Omsukchan,RU,62.5333,155.8,3.15,90,100,13.31,overcast clouds
265,Chirongui,YT,-12.9319,45.1483,78.73,76,11,12.62,few clouds
266,Rio Grande,BR,-32.035,-52.0986,54.95,70,0,8.08,clear sky
267,Haines Junction,CA,60.7522,-137.5108,28.35,64,100,1.14,overcast clouds
268,Kedrovyy,RU,56.1667,91.8167,19.81,82,43,4.23,scattered clouds
269,Matamoros,MX,25.5333,-103.25,77.11,45,40,0.0,scattered clouds
270,Long Xuyen,VN,10.3833,105.4167,76.95,89,100,4.25,heavy intensity rain
271,Kinkala,CG,-4.3614,14.7644,75.51,75,100,4.56,overcast clouds
272,Nang Rong,TH,14.6377,102.7914,70.21,97,100,6.82,overcast clouds
273,Saint-Augustin,CA,51.226,-58.6502,43.32,89,100,17.92,overcast clouds
274,Kropotkin,RU,45.4375,40.5756,53.4,69,12,6.46,few clouds
275,Maniitsoq,GL,65.4167,-52.9,32.5,42,0,8.66,clear sky
276,Bambous Virieux,MU,-20.3428,57.7575,73.22,78,40,12.66,scattered clouds
277,Anchorage,US,61.2181,-149.9003,41.86,76,90,3.0,overcast clouds
278,Riohacha,CO,11.5444,-72.9072,79.39,84,95,5.21,overcast clouds
279,Oranjemund,NA,-28.55,16.4333,54.86,70,0,11.68,clear sky
280,Abyek,IR,36.0667,50.55,53.2,32,0,6.91,clear sky
281,Constitucion,CL,-35.3333,-72.4167,52.97,79,0,11.01,clear sky
282,Katobu,ID,-4.9408,122.5276,87.13,62,12,4.21,few clouds
283,Odienne,CI,9.51,-7.5692,73.44,79,6,2.68,clear sky
284,Aripuana,BR,-9.1667,-60.6333,73.33,96,100,2.57,moderate rain
285,Ussel,FR,45.55,2.3167,45.12,88,93,1.3,overcast clouds
286,Mudgee,AU,-32.5943,149.5871,68.61,34,6,3.44,clear sky
287,Hasaki,JP,35.7333,140.8333,63.28,57,100,17.11,overcast clouds
288,Lompoc,US,34.6391,-120.4579,64.54,68,1,8.05,clear sky
289,Kanaya,JP,34.8167,138.1333,61.07,58,40,9.22,scattered clouds
290,Alofi,NU,-19.0595,-169.9187,84.09,61,25,18.41,light rain
291,Shambu,ET,9.5667,37.1,48.27,75,0,3.44,clear sky
292,Bratsk,RU,56.1325,101.6142,27.09,82,12,4.83,few clouds
293,Taoudenni,ML,22.6783,-3.9836,83.43,7,40,11.65,scattered clouds
294,Roma,US,43.2128,-75.4557,51.66,91,90,4.61,overcast clouds
295,Biltine,TD,14.5333,20.9167,82.36,24,8,8.72,clear sky
296,Touros,BR,-5.1989,-35.4608,77.9,79,10,12.95,clear sky
297,Korla,CN,41.7597,86.1469,50.27,34,37,7.7,scattered clouds
298,Arrecife,ES,28.963,-13.5477,75.18,50,0,8.05,clear sky
299,Ilulissat,GL,69.2167,-51.1,15.82,35,3,39.12,clear sky
300,Deputatskiy,RU,69.3,139.9,-8.64,96,65,2.3,broken clouds
301,Warwick,US,41.7001,-71.4162,56.44,80,20,6.91,few clouds
302,Sangar,RU,63.9242,127.4739,10.62,80,69,1.45,broken clouds
303,Amazar,RU,53.858,120.875,27.41,45,30,3.91,scattered clouds
304,Caravelas,BR,-17.7125,-39.2481,75.42,83,16,6.24,few clouds
305,Arambagh,IN,22.8833,87.7833,77.09,95,100,17.47,moderate rain
306,Amboasary,MG,-25.0333,46.3833,67.84,73,0,3.76,clear sky
307,Podosinovets,RU,60.2776,47.0659,38.77,85,70,9.89,broken clouds
308,Agadez,NE,19.75,10.25,83.97,29,99,8.12,overcast clouds
309,Thompson,CA,55.7435,-97.8558,46.56,66,75,3.44,broken clouds
310,Chebenki,RU,51.9337,55.7077,38.95,45,100,7.16,light rain
311,Namatanai,PG,-3.6667,152.4333,86.5,62,47,7.09,scattered clouds
312,Ayan,RU,56.45,138.1667,25.5,45,40,17.94,scattered clouds
313,Bonavista,CA,48.6499,-53.1147,43.12,93,100,11.12,overcast clouds
314,Sakakah,SA,29.9697,40.2064,69.37,31,14,7.23,few clouds
315,New Ross,IE,52.3967,-6.9367,58.08,1,100,10.38,overcast clouds
316,Fort Saint James,CA,54.4333,-124.25,36.86,78,100,2.44,overcast clouds
317,Ahipara,NZ,-35.1667,173.1667,65.37,70,3,8.01,clear sky
318,Boueni,YT,-12.9025,45.0761,78.78,76,19,12.59,few clouds
319,Wakkanai,JP,45.4094,141.6739,46.38,46,40,17.27,scattered clouds
320,Opuwo,NA,-18.0607,13.84,65.66,25,76,3.89,broken clouds
321,Bereda,ES,43.2686,-7.5406,66.15,79,100,2.84,overcast clouds
322,Brae,GB,60.3964,-1.353,48.11,75,100,15.35,overcast clouds
323,Portland,US,45.5234,-122.6762,58.98,83,75,1.99,broken clouds
324,Sai Buri,TH,6.7013,101.6168,78.51,85,100,4.83,overcast clouds
325,Vilhena,BR,-12.7406,-60.1458,69.85,93,100,2.86,overcast clouds
326,Kushmurun,KZ,52.4503,64.6311,44.98,52,97,8.5,overcast clouds
327,Koslan,RU,63.4564,48.8989,36.45,82,100,10.87,overcast clouds
328,Prokopyevsk,RU,53.9059,86.719,33.3,88,6,4.59,clear sky
329,Bang Saphan,TH,11.2126,99.5117,78.75,95,100,2.75,light rain
330,Khandyga,RU,62.6667,135.6,6.96,76,59,2.06,broken clouds
331,Ternate,ID,0.8,127.4,85.42,68,9,1.79,clear sky
332,Ancona,IT,43.55,13.1667,55.67,59,0,4.0,clear sky
333,Vanimo,PG,-2.6741,141.3028,86.94,64,41,8.16,scattered clouds
334,Nichinan,JP,31.6,131.3667,65.88,57,100,11.41,overcast clouds
335,Atar,MR,20.5169,-13.0499,87.58,10,100,4.23,overcast clouds
336,Acapulco,MX,16.8634,-99.8901,84.02,84,40,8.05,scattered clouds
337,Pueblo,US,38.2545,-104.6091,68.58,30,1,10.36,clear sky
338,Fort Frances,CA,48.5999,-93.4003,49.05,76,1,0.0,clear sky
339,Wattegama,LK,6.7989,81.4808,79.72,71,22,2.28,few clouds
340,Wangkui,CN,46.8333,126.5,34.57,36,16,8.25,few clouds
341,Kokstad,ZA,-30.5472,29.4241,42.24,91,91,3.53,overcast clouds
342,Port Blair,IN,11.6667,92.75,80.64,89,75,1.14,mist
343,Helensburgh,GB,56.0061,-4.7265,56.25,99,100,2.84,overcast clouds
344,Thinadhoo,MV,0.5333,72.9333,82.38,76,97,14.14,overcast clouds
345,Jiblah,YE,13.9216,44.1467,60.91,55,100,3.76,overcast clouds
346,Sadri,IN,25.1833,73.4333,74.14,64,79,3.15,broken clouds
347,Solnechnyy,RU,50.7214,136.6319,26.94,48,97,3.22,overcast clouds
348,Bonthe,SL,7.5264,-12.505,78.58,86,88,4.72,light rain
349,Nanortalik,GL,60.1432,-45.2371,35.28,87,100,1.66,overcast clouds
350,Te Anau,NZ,-45.4167,167.7167,59.2,65,15,2.71,few clouds
351,Esmeraldas,BR,-19.7625,-44.3139,71.91,93,21,4.07,few clouds
352,Ciudad Bolivar,VE,8.1222,-63.5497,76.93,84,99,6.64,overcast clouds
353,Tromso,NO,69.6496,18.957,32.65,93,75,1.99,light snow
354,Chiredzi,ZW,-21.05,31.6667,66.58,82,100,10.65,light rain
355,Sola,VU,-13.8833,167.55,82.18,74,100,14.7,overcast clouds
356,Iqaluit,CA,63.7506,-68.5145,33.53,86,90,18.01,overcast clouds
357,Guerrero Negro,MX,27.9769,-114.0611,70.93,64,100,13.49,overcast clouds
358,Juneau,US,58.3019,-134.4197,39.85,90,90,0.0,overcast clouds
359,Ossora,RU,59.2353,163.0719,33.91,99,100,36.98,moderate rain
360,Yumen,CN,40.2833,97.2,45.68,23,100,4.65,overcast clouds
361,Paamiut,GL,61.994,-49.6678,33.12,42,0,6.24,clear sky
362,Tucuman,AR,-26.8241,-65.2226,69.8,46,0,5.75,clear sky
363,Biak,ID,-0.9131,122.8766,83.57,70,17,1.97,few clouds
364,Saint-Francois,FR,46.4154,3.9054,43.68,93,90,1.14,fog
365,Sept-Iles,CA,50.2001,-66.3821,50.52,97,90,17.0,overcast clouds
366,Luan,CH,46.3592,6.9759,45.86,67,100,4.23,overcast clouds
367,Lisakovsk,KZ,52.5369,62.4936,47.62,45,96,7.81,overcast clouds
368,Cam Ranh,VN,11.9214,109.1591,82.36,78,20,2.3,few clouds
369,Yamada,JP,39.4667,141.95,54.45,48,10,1.83,clear sky
370,Darhan,MN,49.4867,105.9228,31.44,69,5,4.65,clear sky
371,Palembang,ID,-2.9167,104.7458,77.09,88,40,2.3,scattered clouds
372,Longford,IE,53.7333,-7.8,55.98,95,100,9.64,overcast clouds
373,Puerto Penasco,MX,31.3167,-113.5333,77.92,78,100,14.0,overcast clouds
374,Sioux Lookout,CA,50.1001,-91.917,52.18,93,1,2.3,clear sky
375,Molln,DE,53.6333,10.6833,50.22,90,100,10.38,overcast clouds
376,Sarh,TD,9.1429,18.3923,74.14,86,98,2.95,overcast clouds
377,Terney,RU,45.0503,136.6092,40.05,33,9,4.09,clear sky
378,Beringovskiy,RU,63.05,179.3167,26.42,84,100,2.98,overcast clouds
379,Rancho Palos Verdes,US,33.7445,-118.387,70.09,85,20,5.99,few clouds
380,West Wendover,US,40.7391,-114.0733,56.41,30,1,0.0,clear sky
381,Morondava,MG,-20.2833,44.2833,77.0,78,82,6.26,broken clouds
382,Erzin,TR,36.9559,36.2,64.92,86,16,3.56,light rain
383,Batagay,RU,67.6333,134.6333,4.6,88,85,2.91,overcast clouds
384,Sena Madureira,BR,-9.0656,-68.6569,73.9,82,100,2.35,overcast clouds
385,San Isidro,PE,-12.1167,-77.05,64.02,83,90,1.01,overcast clouds
386,Marfino,RU,55.7028,37.3822,42.94,86,75,6.71,broken clouds
387,Colquiri,BO,-17.4167,-67.1333,44.04,64,14,3.6,few clouds
388,Hay River,CA,60.8156,-115.7999,33.78,69,20,9.22,few clouds
389,Isangel,VU,-19.55,169.2667,82.51,74,90,5.75,heavy intensity rain
390,Wufeng,CN,27.45,104.8333,45.0,95,100,2.71,overcast clouds
391,Labuhan,ID,-6.8844,112.2051,85.91,66,99,8.43,overcast clouds
392,Bandarbeyla,SO,9.4942,50.8122,75.54,89,10,12.17,clear sky
393,Roald,NO,62.5833,6.1333,39.34,93,40,10.36,light rain
394,Flin Flon,CA,54.7682,-101.865,48.58,64,100,5.99,overcast clouds
395,Tucurui,BR,-3.7661,-49.6725,76.68,84,99,4.5,overcast clouds
396,Valparaiso,CL,-33.0393,-71.6273,60.44,51,0,4.61,clear sky
397,Puerto Madero,MX,14.7208,-92.4215,73.6,100,75,5.75,broken clouds
398,Guymon,US,36.6828,-101.4816,62.6,27,1,9.22,clear sky
399,Assiniboia,CA,49.6334,-105.9845,60.71,29,0,9.22,clear sky
400,Tanout,NE,14.9709,8.8879,81.25,34,32,7.29,scattered clouds
401,Colinas,BR,-6.0258,-44.2492,80.19,53,10,1.5,clear sky
402,Yantal,RU,56.8471,105.2542,25.7,81,57,3.67,broken clouds
403,Kramat,ID,-8.1311,113.4499,86.34,60,8,0.72,clear sky
404,Senj,HR,44.9894,14.9058,54.73,83,0,5.93,clear sky
405,Naze,JP,28.3667,129.4833,77.92,60,100,13.58,overcast clouds
406,Tezu,IN,27.9167,96.1667,79.66,67,11,1.86,few clouds
407,Yerbogachen,RU,61.2767,108.0108,30.96,83,100,11.14,overcast clouds
408,Staraya Mayna,RU,54.6,48.95,46.51,83,100,7.72,overcast clouds
409,Ambatondrazaka,MG,-17.8333,48.4167,55.15,91,0,3.04,clear sky
410,Saldanha,ZA,-33.0117,17.9442,48.25,74,0,14.76,clear sky
411,Murray Bridge,AU,-35.1167,139.2667,75.49,51,56,12.33,broken clouds
412,Yulara,AU,-25.2406,130.9889,93.04,10,5,13.8,clear sky
413,Juchitlan,MX,20.0833,-104.1167,71.46,66,22,2.1,few clouds
414,Dwarka,IN,22.2394,68.9678,80.62,64,5,14.7,clear sky
415,Kalmunai,LK,7.4167,81.8167,80.78,70,95,4.68,overcast clouds
416,Sohbatpur,PK,28.5202,68.5434,71.46,15,0,0.6,clear sky
417,Vila Franca Do Campo,PT,37.7167,-25.4333,72.01,93,100,15.79,overcast clouds
418,Koumac,NC,-20.5667,164.2833,79.52,75,100,5.61,light rain
419,Rio De Jesus,PA,7.9844,-81.1631,74.98,94,100,4.63,overcast clouds
420,Port Hedland,AU,-20.3167,118.5667,82.45,44,32,14.97,scattered clouds
421,Along,IN,28.1667,94.7667,72.86,96,80,1.48,broken clouds
422,Mikhaylovka,RU,50.06,43.2379,49.6,71,95,5.08,light rain
423,Nabire,ID,-3.3667,135.4833,86.4,60,71,3.29,broken clouds
424,Kieta,PG,-6.2167,155.6333,86.47,60,88,5.26,overcast clouds
425,Lucea,JM,18.451,-78.1736,82.26,76,98,6.2,overcast clouds
426,Raudeberg,NO,61.9875,5.1352,38.19,65,10,7.29,clear sky
427,Codrington,AU,-38.2667,141.9667,57.69,68,97,14.45,overcast clouds
428,Mancio Lima,BR,-7.6142,-72.8958,78.51,67,100,0.94,light rain
429,Sitio Novo Do Tocantins,BR,-5.5183,-47.4611,80.92,60,99,3.98,overcast clouds
430,Sibolga,ID,1.7427,98.7792,79.66,81,100,1.05,overcast clouds
431,Aya,PH,13.8945,121.1139,77.95,76,88,8.12,overcast clouds
432,Emerald,AU,-23.5333,148.1667,93.34,14,0,14.97,clear sky
433,Bestobe,KZ,52.4994,73.0975,40.48,75,0,8.21,clear sky
434,Dandong,CN,40.1292,124.3947,43.59,67,100,4.94,overcast clouds
435,Thiruvananthapuram,IN,8.4833,76.9167,78.78,94,20,5.75,mist
436,Markova,UA,48.6758,24.4138,37.15,90,71,4.27,broken clouds
437,San Cristobal,VE,7.7669,-72.225,65.91,90,100,2.8,light rain
438,Poronaysk,RU,49.2167,143.1167,37.2,48,7,15.57,clear sky
439,Swellendam,ZA,-34.0226,20.4417,47.77,78,1,1.52,clear sky
440,General Roca,AR,-39.0333,-67.5833,61.2,26,0,3.6,clear sky
441,Padang,ID,-0.9492,100.3543,78.85,79,100,0.58,overcast clouds
442,Adrar,MR,20.5022,-10.0711,84.36,11,100,8.84,overcast clouds
443,Peleduy,RU,59.6289,112.7406,25.77,79,100,11.54,overcast clouds
444,Dryden,CA,49.7833,-92.7503,52.09,62,1,6.91,clear sky
445,Cooma,AU,-36.2333,149.1333,60.57,44,98,12.66,overcast clouds
446,Mugango,TZ,-1.6833,33.7,70.72,74,92,4.12,overcast clouds
447,Marsa Matruh,EG,31.3525,27.2453,69.55,65,0,8.01,clear sky
448,Gaogou,CN,34.0175,119.1886,55.56,64,99,7.87,overcast clouds
449,Grand Gaube,MU,-20.0064,57.6608,72.37,77,21,7.0,few clouds
450,Souillac,MU,-20.5167,57.5167,73.36,78,40,12.66,scattered clouds
451,Litovko,RU,49.2361,135.1742,32.58,27,5,11.43,clear sky
452,Vardo,NO,70.3705,31.1107,36.82,85,100,34.9,overcast clouds
453,Asilah,MA,35.465,-6.0348,67.96,64,94,6.58,overcast clouds
454,Boende,CD,-0.2167,20.8667,70.54,99,100,0.98,overcast clouds
455,Gisborne,NZ,-38.6533,178.0042,73.94,58,100,10.83,overcast clouds
456,Fortuna,US,40.5982,-124.1573,51.37,75,75,0.0,light rain
457,Szczytno,PL,53.5626,20.9875,42.73,93,0,3.44,clear sky
458,Leh,IN,34.1667,77.5833,40.96,81,100,4.74,overcast clouds
459,Pechora,RU,65.1472,57.2244,37.15,89,97,10.6,overcast clouds
460,Dormidontovka,RU,47.7702,134.9076,33.91,33,68,8.39,broken clouds
461,Berlevag,NO,70.8578,29.0864,35.8,81,100,30.56,overcast clouds
462,Matara,LK,5.9485,80.5353,77.97,89,96,13.56,overcast clouds
463,Carauari,BR,-4.8828,-66.8958,73.4,98,90,3.94,overcast clouds
464,Sakaiminato,JP,35.55,133.2333,60.78,67,75,2.3,broken clouds
465,Sosua,DO,19.7667,-70.5167,78.78,94,75,0.0,broken clouds
466,Hualmay,PE,-11.0964,-77.6139,63.23,85,100,8.99,overcast clouds
467,Anadyr,RU,64.75,177.4833,28.9,79,75,17.0,light snow
468,Malpe,IN,13.35,74.7167,78.1,90,95,1.83,light rain
469,Krasnoselkup,RU,65.7,82.4667,37.13,94,100,15.9,overcast clouds
470,Endicott,US,42.0984,-76.0494,50.38,81,40,1.99,scattered clouds
471,Itarema,BR,-2.9248,-39.9167,79.97,83,29,15.46,scattered clouds
472,Tobermory,CA,45.2501,-81.6665,51.31,66,7,29.57,clear sky
473,Bereznik,RU,62.8551,42.7072,37.27,89,100,10.54,overcast clouds
474,Ancud,CL,-41.8697,-73.8203,50.43,80,69,3.49,broken clouds
475,Atambua,ID,-9.1061,124.8925,84.99,60,94,2.57,overcast clouds
476,Coihaique,CL,-45.5752,-72.0662,49.95,62,90,4.61,overcast clouds
477,Bouna,CI,9.2667,-3.0,76.55,68,7,5.14,clear sky
478,Avera,US,33.194,-82.5271,54.72,51,0,4.32,clear sky
479,Morogoro,TZ,-6.8167,37.6667,67.28,93,49,2.82,scattered clouds
480,Marrakesh,MA,31.6315,-8.0083,68.07,42,0,1.14,clear sky
481,The Valley,AI,18.217,-63.0578,84.06,70,20,1.72,few clouds
482,Rehoboth,NA,-23.3167,17.0833,49.24,20,5,6.35,clear sky
483,Saint Anthony,US,45.0205,-93.218,60.42,61,1,1.01,clear sky
484,Muskegon,US,43.3,-86.1334,60.78,66,1,5.75,clear sky
485,Pevek,RU,69.7008,170.3133,7.99,95,100,3.96,overcast clouds
486,Santiago,CL,-33.4569,-70.6483,64.85,40,0,6.91,clear sky
487,Iramuco,MX,19.95,-100.9167,68.11,60,40,6.91,scattered clouds
488,Puerto Carreno,CO,6.189,-67.4859,79.36,81,96,3.09,overcast clouds
489,Kenai,US,60.5544,-151.2583,41.14,69,1,20.71,clear sky
490,Loyga,RU,61.0784,44.6075,36.73,82,100,10.78,overcast clouds
491,Hami,CN,42.8,93.45,50.31,26,0,7.76,clear sky
492,Tautira,PF,-17.7333,-149.15,86.02,77,91,22.75,overcast clouds
493,Camacupa,AO,-12.0167,17.4833,63.03,79,5,2.84,clear sky
494,Lavrentiya,RU,65.5833,-171.0,25.16,68,100,9.71,overcast clouds
495,Lagoa,PT,39.05,-27.9833,68.99,85,2,18.61,clear sky
496,Belyy Yar,RU,53.6039,91.3903,19.29,100,90,2.24,fog
497,Atasu,KZ,48.6814,71.6433,39.16,46,0,7.67,clear sky
498,Nantucket,US,41.2835,-70.0995,60.1,70,1,10.36,clear sky
499,Cap Malheureux,MU,-19.9842,57.6142,72.46,77,15,7.0,few clouds
500,Creel,MX,27.75,-107.6333,56.88,61,100,7.23,overcast clouds
501,Bathsheba,BB,13.2167,-59.5167,81.21,83,20,6.91,few clouds
502,Nyurba,RU,63.2842,118.3319,24.01,92,100,11.32,light snow
503,Kobe,JP,34.6913,135.183,64.36,67,20,9.22,few clouds
504,La Asuncion,VE,11.0333,-63.8628,81.03,84,57,11.36,broken clouds
505,Suzdal,RU,56.4281,40.4414,41.11,90,100,7.25,overcast clouds
506,Jiaocheng,CN,24.6774,116.1389,67.08,68,10,2.98,clear sky
507,Tanete,ID,-3.9443,119.7848,85.44,68,20,5.48,few clouds
508,Karratha,AU,-20.7377,116.8463,75.92,42,4,8.61,clear sky
509,Guanare,VE,9.0418,-69.7421,72.46,98,20,3.98,few clouds
510,Puerto Quijarro,BO,-17.7833,-57.7667,78.35,63,100,0.96,overcast clouds
511,Vitry-Le-Francois,FR,48.7333,4.5833,41.86,78,0,4.14,clear sky
512,Andenes,NO,69.3143,16.1194,37.38,81,90,19.57,overcast clouds
513,Evensk,RU,61.95,159.2333,19.54,63,100,28.54,overcast clouds
514,Nouadhibou,MR,20.931,-17.0347,75.49,54,0,15.37,clear sky
515,Koundara,GN,12.4833,-13.3,76.62,85,100,5.21,overcast clouds
516,Progreso,MX,21.2833,-89.6667,83.1,77,100,13.4,overcast clouds
517,Naifaru,MV,5.4444,73.3657,81.05,78,100,19.93,moderate rain
518,Auki,SB,-8.7676,160.7034,86.49,62,21,5.12,few clouds
519,Mackay,AU,-21.15,149.2,93.69,69,0,14.88,clear sky
520,Ushtobe,KZ,45.2514,77.9838,43.92,48,0,8.88,clear sky
521,Beidao,CN,34.5686,105.8933,49.62,80,3,1.03,clear sky
522,Agogo,GH,6.8,-1.0819,69.94,98,100,4.61,overcast clouds
523,Sinop,TR,41.7711,34.8709,53.85,92,100,3.06,overcast clouds
524,Long Beach,US,33.767,-118.1892,72.99,82,1,5.99,clear sky
525,Kruisfontein,ZA,-34.0033,24.7314,48.88,77,81,6.62,light rain
526,Karaton,ID,-6.3424,106.1045,83.95,74,100,6.24,overcast clouds
527,Cape Coast,GH,5.1053,-1.2466,77.52,89,93,8.14,moderate rain
528,Gat,IL,31.61,34.7642,69.4,75,30,2.28,scattered clouds
529,Morros,BR,-9.4467,-46.3003,82.96,39,21,3.53,few clouds
530,Ampanihy,MG,-24.7,44.75,67.96,93,0,2.84,clear sky
531,Kuah,MY,6.3265,99.8432,82.38,89,20,2.3,few clouds
532,College,US,64.8569,-147.8028,34.59,66,75,3.44,broken clouds
533,Rolla,US,37.9514,-91.7713,56.23,58,1,6.91,clear sky
534,Romodanovo,RU,54.4275,45.3296,46.9,76,100,4.7,overcast clouds
535,Ilanskiy,RU,56.2358,96.065,30.15,88,7,2.91,clear sky
536,Tuatapere,NZ,-46.1333,167.6833,53.47,70,63,7.72,broken clouds
537,Burnie,AU,-41.0667,145.9167,56.91,65,100,10.4,light rain
538,Kitimat,CA,54.0524,-128.6534,44.98,59,31,3.71,scattered clouds
539,Yilan,TW,24.757,121.753,73.36,99,100,1.5,overcast clouds
540,Tequila,MX,20.8833,-103.8333,75.97,60,0,1.07,clear sky
541,Semiletka,RU,55.3603,54.6153,46.62,94,100,7.05,light rain
542,Harbour Breton,CA,47.4833,-55.7983,48.99,79,60,10.74,broken clouds
543,Pacasmayo,PE,-7.4006,-79.5714,63.81,87,96,14.32,overcast clouds
544,Talagang,PK,32.9297,72.4158,72.77,63,24,3.29,few clouds
545,Caceres,ES,39.522,-6.3748,62.8,95,80,0.83,broken clouds
546,Akyab,MM,20.15,92.9,78.04,91,100,14.76,overcast clouds
547,Hit,IQ,33.6416,42.8251,71.42,40,3,7.72,clear sky
548,Rocha,UY,-34.4833,-54.3333,48.81,74,100,5.95,overcast clouds
549,Northam,GB,51.0333,-4.2167,57.09,92,100,10.04,overcast clouds
550,Pantai Remis,MY,4.4557,100.6288,79.16,77,99,7.9,overcast clouds
551,Druzhba,UA,52.0428,33.9453,43.77,66,100,8.75,overcast clouds
552,Husavik,IS,66.0449,-17.3389,33.71,94,100,22.82,snow
553,Tecpan,GT,14.7623,-90.9947,58.32,94,58,2.75,broken clouds
554,Umaria,IN,23.5333,80.8333,72.07,93,96,2.62,overcast clouds
555,Sisimiut,GL,66.9395,-53.6735,27.01,43,0,19.53,clear sky
556,Katsuura,JP,35.1333,140.3,63.19,66,99,21.52,overcast clouds
557,Hovd,MN,48.0056,91.6419,33.1,48,5,0.87,clear sky
558,Port Moresby,PG,-9.4431,147.1797,89.02,66,40,11.5,haze
559,Amot,NO,59.5714,7.9877,26.76,71,9,3.0,clear sky
560,Sawakin,SD,19.1059,37.3321,82.49,69,2,7.85,clear sky
561,Timiryazevskiy,RU,56.49,84.8769,31.86,87,10,4.85,clear sky
562,Port Augusta,AU,-32.5,137.7667,83.71,32,12,4.25,few clouds
563,Dondo,MZ,-19.6094,34.7431,78.31,88,62,4.12,broken clouds
564,Ustye,RU,59.6304,39.736,34.38,90,6,9.4,clear sky
565,Uruacu,BR,-14.5247,-49.1408,78.84,54,13,2.46,few clouds
566,Herzberg,DE,51.6869,13.2202,49.15,79,100,5.12,overcast clouds
567,Micheweni,TZ,-4.9667,39.8333,75.88,79,9,6.73,clear sky
568,Ca Mau,VN,9.1769,105.15,80.74,84,100,2.35,overcast clouds
569,Ostersund,SE,63.1792,14.6357,36.05,87,75,18.41,broken clouds
570,Banda Aceh,ID,5.5577,95.3222,81.25,70,100,5.3,overcast clouds
571,Kahului,US,20.8947,-156.47,84.22,69,40,25.32,scattered clouds
572,Oksfjord,NO,70.2396,22.3479,36.52,93,100,15.66,moderate rain
573,Balikpapan,ID,-1.2675,116.8289,81.59,89,20,3.44,light rain
574,Tateyama,JP,34.9833,139.8667,63.14,61,45,19.22,scattered clouds
575,Alekseyevsk,RU,57.8406,108.3492,25.25,88,96,5.77,overcast clouds
576,Aldan,RU,58.6031,125.3894,16.11,83,100,8.63,light snow
577,Lasem,ID,-6.6922,111.4527,86.4,64,34,9.48,light rain
578,Luanda,AO,-8.8368,13.2343,74.71,78,100,8.01,overcast clouds
579,Pran Buri,TH,12.3847,99.9098,75.22,92,100,6.31,overcast clouds
580,Visnes,NO,59.3556,5.2242,38.57,87,99,6.91,overcast clouds
581,Asnaes,DK,55.8123,11.5013,47.01,76,100,0.94,overcast clouds
582,Alikalia,SL,9.1667,-11.4,68.5,97,69,1.01,light rain
583,Muhos,FI,64.808,25.9931,38.98,91,100,9.75,overcast clouds
584,Adamovka,RU,51.5223,59.9396,47.3,46,100,8.28,overcast clouds
585,San Luis,AR,-33.295,-66.3356,57.79,48,51,9.95,broken clouds
586,Lang Suan,TH,9.9456,99.0785,78.89,90,100,2.53,overcast clouds
587,Troitskoye,RU,52.9821,84.6757,35.01,83,7,4.61,clear sky
588,Shipitsyno,RU,61.2806,46.5208,39.36,69,100,11.56,overcast clouds
589,Payo,ID,-3.7508,103.6372,76.64,95,99,1.34,overcast clouds
590,Mayumba,GA,-3.432,10.6554,75.96,87,100,6.67,light rain
591,Rosetta,EG,31.4044,30.4164,71.42,60,3,7.2,clear sky
592,Marystown,CA,47.1666,-55.1483,48.85,100,66,1.99,broken clouds
593,Mikkeli,FI,61.6886,27.2723,36.14,100,90,10.36,overcast clouds
594,Lakatoro,VU,-16.0999,167.4164,81.59,76,100,7.65,moderate rain
595,Maarianhamina,AX,60.0973,19.9348,42.66,65,75,13.8,broken clouds
596,Lugazi,UG,0.3772,32.9197,67.68,97,100,0.89,light rain
597,Barabai,ID,-2.5833,115.3833,81.12,81,100,1.32,light rain
598,Tartagal,AR,-22.5164,-63.8013,67.57,58,50,2.39,scattered clouds
599,Kidal,ML,18.4411,1.4078,80.6,41,46,10.07,scattered clouds
600,Chapais,CA,49.7834,-74.8492,38.98,89,100,5.35,overcast clouds
601,Walvis Bay,NA,-22.9575,14.5053,54.55,82,0,14.97,clear sky
602,Nishihara,JP,26.1842,127.7558,79.88,54,40,17.27,scattered clouds
603,Campo De Criptana,ES,39.4046,-3.1249,60.17,71,79,4.12,broken clouds
604,Urucara,BR,-2.5364,-57.76,71.53,95,100,2.77,light rain
605,Aksu,CN,41.1231,80.2644,48.61,26,100,2.91,overcast clouds
606,Etchoropo,MX,26.7667,-109.6667,86.41,50,100,6.44,overcast clouds
607,Taua,BR,-5.9667,-40.3,86.63,32,97,9.66,overcast clouds
608,Sitka,US,57.0531,-135.33,46.29,66,75,3.44,broken clouds
609,Angoram,PG,-4.0625,144.0661,83.12,75,99,3.24,overcast clouds
610,Talnakh,RU,69.4865,88.3972,33.87,99,100,9.71,light rain
611,Ambulu,ID,-8.345,113.6058,85.33,62,6,1.12,clear sky
612,Sur,OM,22.5667,59.5289,77.63,40,0,1.34,clear sky
613,Sergeyevka,KZ,53.88,67.4158,41.47,88,30,7.02,scattered clouds
614,Tilichiki,RU,60.4667,166.1,21.09,87,100,17.67,light snow
615,Maroantsetra,MG,-15.4333,49.7333,70.41,90,100,1.32,light rain
616,Sumter,US,28.7086,-82.0831,71.94,71,0,10.78,clear sky
617,Nizhniy Kuranakh,RU,58.8353,125.4869,20.05,76,100,8.08,overcast clouds
618,Hailey,US,43.5196,-114.3153,51.66,46,1,0.0,clear sky
619,Wanaka,NZ,-44.7,169.15,52.81,83,100,3.62,overcast clouds
620,Lulea,SE,65.5842,22.1547,35.67,80,77,17.27,broken clouds
621,Yatou,CN,37.15,122.3833,54.86,47,14,6.58,few clouds
622,Muyezerskiy,RU,63.9333,31.65,32.99,87,100,8.75,overcast clouds
623,Waupun,US,43.6333,-88.7296,55.02,46,0,6.06,clear sky
624,Ouango,CF,4.3133,22.5552,70.45,99,100,1.1,overcast clouds
625,Moree,AU,-29.4667,149.85,75.22,43,51,8.05,broken clouds
626,Riyadh,SA,24.6877,46.7219,73.54,30,0,4.85,clear sky
627,Tansen,NP,27.8673,83.5467,62.83,97,100,4.45,light rain
628,Inhambane,MZ,-23.865,35.3833,74.16,88,19,3.65,few clouds
629,Burgeo,CA,47.6167,-57.6152,49.86,85,100,18.57,overcast clouds
630,Ucluelet,CA,48.9329,-125.5528,53.1,83,95,7.09,overcast clouds
631,Cuite,BR,-6.4836,-36.1536,69.64,80,11,14.61,few clouds
632,Aitape,PG,-3.1374,142.3475,86.77,64,83,6.62,broken clouds
633,Nsoko,SZ,-27.0333,31.95,58.39,86,100,12.66,light rain
634,Kulunda,RU,52.566,78.9385,36.39,75,68,7.18,broken clouds
635,Port Keats,AU,-14.25,129.55,90.39,53,96,7.7,overcast clouds
636,Ambilobe,MG,-13.2,49.05,71.1,72,1,5.37,clear sky
637,Carahue,CL,-38.7,-73.1667,50.2,98,11,3.06,few clouds
638,Les Cayes,HT,18.2,-73.75,79.83,79,14,3.58,few clouds
639,Xingtai,CN,37.0631,114.4942,53.11,62,24,3.87,few clouds
640,Dakar,SN,14.6937,-17.4441,79.68,78,100,9.8,overcast clouds
641,Tual,ID,-5.6667,132.75,83.75,71,84,5.68,broken clouds
642,Tabuk,PH,17.4189,121.4443,79.25,78,38,1.59,scattered clouds
643,Dongsheng,CN,39.8161,109.9776,44.47,48,7,11.03,clear sky
644,Taybad,IR,34.74,60.7756,48.96,18,0,2.57,clear sky
645,Diego De Almagro,CL,-26.3667,-70.05,58.6,41,0,1.5,clear sky
646,Cap-Chat,CA,49.1001,-66.6821,51.8,93,100,9.22,overcast clouds
647,Saint-Georges,GD,12.0564,-61.7485,82.08,83,20,6.91,few clouds
648,Oudtshoorn,ZA,-33.5907,22.2014,44.96,82,6,0.04,clear sky
649,Banes,CU,20.9625,-75.7186,77.61,86,19,5.26,few clouds
650,Finote Selam,ET,10.7,37.2667,52.39,85,0,4.03,clear sky
651,Dingle,PH,10.9995,122.6711,83.89,80,26,9.19,scattered clouds
652,Sao Joao Da Barra,BR,-21.6403,-41.0511,70.45,92,100,8.41,overcast clouds
653,Hobyo,SO,5.3505,48.5268,78.31,84,100,13.98,overcast clouds
654,Shingu,JP,33.7333,135.9833,63.59,65,100,3.49,overcast clouds
655,Iranduba,BR,-3.2847,-60.1861,77.29,89,100,1.5,light rain
656,Adre,TD,13.4667,22.2,76.17,29,27,7.18,scattered clouds
657,Kamenka,RU,51.3223,42.7678,48.76,70,100,4.97,overcast clouds
658,Seymchan,RU,62.8833,152.4333,11.71,58,79,18.79,broken clouds
659,Fort Nelson,CA,58.8053,-122.7002,35.19,80,40,3.44,scattered clouds
660,Tvoroyri,FO,61.5556,-6.8111,49.39,84,100,26.4,overcast clouds
661,Ust-Ilimsk,RU,58.0006,102.6619,27.73,85,32,3.65,scattered clouds
662,Sao Jose Da Coroa Grande,BR,-8.8978,-35.1478,77.11,82,98,8.7,overcast clouds
663,Pisco,PE,-13.7,-76.2167,62.02,82,98,16.11,overcast clouds
